filename,product,document_type,language,document_date,data_as_of,official_url,sha256,pages,size_bytes,verification
"GlobalX_3416_KFS_EN_current_20260716.pdf","Global X HSCEI Covered Call Active ETF (3416)","Product Key Facts Statement","EN","2026-07-16","","https://investments.miraeasset.com.hk/docs/ETF/eKFS-18-Global-X-HSCEI-Covered-Call-Active-ETF_listed.pdf?v=6","0ee46c14acae5cad0d62c7190430b83b28cb2069aec454653aeeb6c1786a2f43","10","355746","PDF parsed; text extracted"
"GlobalX_3416_Factsheet_EN_asof_20260531.pdf","Global X HSCEI Covered Call Active ETF (3416)","Factsheet","EN","2026-06-05","2026-05-31","https://investments.miraeasset.com.hk/docs/ETF/3416e.pdf?v=6","d7d9d2e0a6486ccf362862a875afe2428f5ae8ee4487c9c4df7a6994ecc30d0d","1","173803","PDF parsed; text extracted"
"GlobalX_3417_KFS_EN_current_20260716.pdf","Global X Hang Seng TECH Covered Call Active ETF (3417)","Product Key Facts Statement","EN","2026-07-16","","https://investments.miraeasset.com.hk/docs/ETF/eKFS-Global-X-Hang-Seng-TECH-Covered-Call-Active-ETF_listed.pdf?v=6","f17876fc98f616d9a969e25b0da439df17bf9c0a2846a5a7881053d71fb56803","9","335299","PDF parsed; text extracted"
"GlobalX_3417_Factsheet_EN_asof_20260531.pdf","Global X Hang Seng TECH Covered Call Active ETF (3417)","Factsheet","EN","2026-06-05","2026-05-31","https://investments.miraeasset.com.hk/docs/ETF/3417e.pdf?v=6","a0a066ec2c86d28192dae9beab356cddd03a882e1ab1f527cd6206b8c4419b0f","1","169061","PDF parsed; text extracted"
"GlobalX_3419_KFS_EN_current_20260716.pdf","Global X HSI Covered Call Active ETF (3419)","Product Key Facts Statement","EN","2026-07-16","","https://investments.miraeasset.com.hk/docs/ETF/eKFS-17-Global-X-HSI-Covered-Call-Active-ETF_listed.pdf?v=6","b7f6a00d3840b7ce317b7bd9b3d30171dd9e622ec1b3bfb9311b53b8200fa0dc","9","345446","PDF parsed; text extracted"
"GlobalX_3419_Factsheet_EN_asof_20260531.pdf","Global X HSI Covered Call Active ETF (3419)","Factsheet","EN","2026-06-05","2026-05-31","https://investments.miraeasset.com.hk/docs/ETF/3419e.pdf?v=6","cef922015dd072c7413bc25531f010fa56409a529c61a351b985abb7ba535dce","1","203638","PDF parsed; text extracted"
"GlobalX_3110_KFS_EN_20260430.pdf","Global X Hang Seng High Dividend Yield ETF (3110)","Product Key Facts Statement","EN","2026-04-30","","https://investments.miraeasset.com.hk/docs/ETF/eKFS-2-Global-X-Hang-Seng-High-Dividend-Yield-ETF_listed.pdf?v=6","d7ede32aa7e404f2e967597a1140c8c67fdd55e9895d605ceb900319363115c7","11","473929","PDF parsed; text extracted"
"GlobalX_3110_Factsheet_EN_asof_20260531.pdf","Global X Hang Seng High Dividend Yield ETF (3110)","Factsheet","EN","2026-06-05","2026-05-31","https://investments.miraeasset.com.hk/docs/ETF/3110e.pdf?v=6","32648ec60fc8b39af377bf9af7368cdbc63a60f6d167838e4b0fe51bb74855b7","1","139352","PDF parsed; text extracted"
"HSVM_2828_KFS_EN_20260430.pdf","Hang Seng China Enterprises Index ETF (2828)","Product Key Facts Statement","EN","2026-04-30","","https://www.hangsenginvestment.com/cms/ivp/hsvm/document/2828_kfs_e.pdf","94af61f1de3e1e3f4edb6a65435c612543f146755b9539d4d2d7699371fae9e5","9","363467","PDF parsed; text extracted"
"HSVM_2828_MonthlyFactsheet_EN_20260715.pdf","Hang Seng China Enterprises Index ETF (2828)","Monthly Factsheet","EN","2026-07-15","2026-06-30","https://www.hangsenginvestment.com/cms/ivp/hsvm/document/etf_h_shares_en.pdf","96e264441fea652dfb589b29189585d2773940766cbd8d618cc3048bd4cd1517","3","841071","PDF parsed; text extracted"
"KraneShares_KLIP_Factsheet_EN_asof_20260630.pdf","KraneShares KWEB Covered Call Strategy ETF (KLIP)","Factsheet","EN","2026-07-07","2026-06-30","https://kraneshares.com/resources/factsheet/klip_factsheet.pdf","0ec75e56085e9ea9d9e713fdc471f594ebd06eee27a50d2cb381cbc28c78bdd1","2","75223","PDF parsed; text extracted"
"KraneShares_KLIP_SummaryProspectus_EN_20260625.pdf","KraneShares KWEB Covered Call Strategy ETF (KLIP)","Summary Prospectus with supplements","EN","2026-06-25","","https://kraneshares.com/resources/compliance/2026_06_25_klip_summary.prospectus.pdf","8771fb76e2036a323c2dfe862f3c513498fe6c2db3a45b551d7ebba890956c56","23","450426","PDF parsed; text extracted"
"RISE_0094L0_Prospectus_KO_20260528.pdf","RISE China Tech TOP10 Weekly Target Covered Call ETF (0094L0)","Prospectus","KO","2026-05-28","2026-05-15","https://www.riseetf.co.kr/upload/cdn/2026/05/28/202605280648bde968f446d.pdf","808f712deb10c442244c0d0d4cba1341190df805a19fcc0ab191b2c7344c5aae","59","950302","PDF parsed; text extracted"
"RISE_0094L0_SummaryProspectus_KO_20260528.pdf","RISE China Tech TOP10 Weekly Target Covered Call ETF (0094L0)","Summary Prospectus","KO","2026-05-28","2026-05-15","https://www.riseetf.co.kr/upload/cdn/2026/05/28/20260528e1762605a03c445.pdf","16cbc67aee818fa24674607c406ff616f3d96015572eac856efce829f73554f8","6","374451","PDF parsed; text extracted"
"RISE_0094L0_MonthlyReport_KO_20260708.pdf","RISE China Tech TOP10 Weekly Target Covered Call ETF (0094L0)","Monthly Report","KO","2026-07-08","2026-06-30","https://www.riseetf.co.kr/upload/cdn/2026/07/08/20260708bd800411db6d4d4.pdf","0df6936348c448b3726c1cdd3ee2621edc838f03b42cf3ff28175ef78267c49b","1","147548","PDF parsed; text extracted"
"PLUS_0128D0_Prospectus_KO_20260305.pdf","PLUS China Hang Seng TECH Weekly Target Covered Call ETF (0128D0)","Prospectus","KO","2026-03-05","2026-02-20","https://www.plusetf.co.kr/upload/fund/J260351038%ED%88%AC%EC%9E%90%EC%84%A4%EB%AA%85%EC%84%9C-%ED%95%9C%ED%99%94%20PLUS%20%EC%B0%A8%EC%9D%B4%EB%82%98%ED%95%AD%EC%85%8D%ED%85%8C%ED%81%AC%EC%9C%84%ED%81%B4%EB%A6%AC%ED%83%80%EA%B2%9F%EC%BB%A4%EB%B2%84%EB%93%9C%EC%BD%9C%EC%A6%9D%EA%B6%8C%EC%83%81%EC%9E%A5%EC%A7%80%EC%88%98%ED%88%AC%EC%9E%90%EC%8B%A0%ED%83%81(%EC%A3%BC%EC%8B%9D-%ED%8C%8C%EC%83%9D%ED%98%95)-006394-20260305.pdf","5101b716b13991673ae8708e9337b26dbbaa861a800d8013ed67835a307440ec","71","2398602","PDF parsed; text extracted"
"PLUS_0128D0_SummaryProspectus_KO_20260305.pdf","PLUS China Hang Seng TECH Weekly Target Covered Call ETF (0128D0)","Summary Prospectus","KO","2026-03-05","2026-02-20","https://www.plusetf.co.kr/upload/fund/J260351038%EA%B0%84%EC%9D%B4%ED%88%AC%EC%9E%90%EC%84%A4%EB%AA%85%EC%84%9C-%ED%95%9C%ED%99%94%20PLUS%20%EC%B0%A8%EC%9D%B4%EB%82%98%ED%95%AD%EC%85%8D%ED%85%8C%ED%81%AC%EC%9C%84%ED%81%B4%EB%A6%AC%ED%83%80%EA%B2%9F%EC%BB%A4%EB%B2%84%EB%93%9C%EC%BD%9C%EC%A6%9D%EA%B6%8C%EC%83%81%EC%9E%A5%EC%A7%80%EC%88%98%ED%88%AC%EC%9E%90%EC%8B%A0%ED%83%81(%EC%A3%BC%EC%8B%9D-%ED%8C%8C%EC%83%9D%ED%98%95)-006394-20260305.pdf","db72eccab33ec0808d2fb82bd68a257a6937cdbf674b3b7e28916919b552a5f8","7","478663","PDF parsed; text extracted"
"PLUS_0128D0_Factsheet_KO_asof_20260630.pdf","PLUS China Hang Seng TECH Weekly Target Covered Call ETF (0128D0)","Monthly Factsheet","KO","2026-07-07","2026-06-30","https://www.plusetf.co.kr/upload/fund/PLUS_%EC%B0%A8%EC%9D%B4%EB%82%98%ED%95%AD%EC%85%8D%ED%85%8C%ED%81%AC%EC%9C%84%ED%81%B4%EB%A6%AC%ED%83%80%EA%B2%9F%EC%BB%A4%EB%B2%84%EB%93%9C%EC%BD%9C_20260630.pdf","c5b6316e3b61fd758ed27c20a9400bb1f3892502174511b29b21b520f4c7fd50","2","30700","PDF parsed; text extracted"
