filename,document_type,language,document_date,data_as_of,source,source_url,downloaded_at,sha256,pages,size_bytes,validation
2802_prospectus_2026-06-29_en.pdf,prospectus,English,2026-06-29,,SFC,https://apps.sfc.hk/productlistWeb/searchProduct/getDoc.do?lang=EN&docId=125479,2026-07-17,63a856c4e000262ccf5523404ecd7f25b96154e0f95ecb51f06cf4f0580ac2ec,1013,13560708,PDF parsed successfully
2802_prospectus_2026-06-29_tc.pdf,prospectus,Traditional Chinese,2026-06-29,,SFC,https://apps.sfc.hk/productlistWeb/searchProduct/getDoc.do?lang=TC&docId=125479,2026-07-17,136ed6a513db00f19f88ab6e9a8b496912cb14545e80c565bac74fd46bba763d,799,15086445,PDF parsed successfully
2802_kfs_listed_2026-04-30_en.pdf,listed KFS,English,2026-04-30,,HKEX,https://www1.hkexnews.hk/listedco/listconews/sehk/2026/0429/2026042902202.pdf,2026-07-17,b175f9417ca0d9bac5ac9c6810e6033c1e35465a9ca5c421118a89effe2176da,10,407804,PDF parsed successfully
2802_kfs_listed_2026-04-30_tc.pdf,listed KFS,Traditional Chinese,2026-04-30,,HKEX,https://www1.hkexnews.hk/listedco/listconews/sehk/2026/0429/2026042902203_c.pdf,2026-07-17,c3a1f04f6c98a9482c59fbd7f418a5fd1463585a14b386bb4d779b01a0f59e1d,9,639957,PDF parsed successfully
2802_kfs_unlisted_2026-04-30_en.pdf,unlisted KFS,English,2026-04-30,,SFC,https://apps.sfc.hk/productlistWeb/searchProduct/getDoc.do?lang=EN&docId=123607,2026-07-17,1a3c016b4c984187d20242da109abd12a4cf077a2c0a7e708edc16ddf230bf6c,10,382328,PDF parsed successfully
2802_kfs_unlisted_2026-04-30_tc.pdf,unlisted KFS,Traditional Chinese,2026-04-30,,SFC,https://apps.sfc.hk/productlistWeb/searchProduct/getDoc.do?lang=TC&docId=123607,2026-07-17,a071a0811b1669e2605761c03bdd6c1be2c3e5ee56f68b898e374e06342c35db,8,622006,PDF parsed successfully
2802_prospectus_initial_2025-12-08_en.pdf,initial prospectus,English,2025-12-08,,HKEX,https://www1.hkexnews.hk/listedco/listconews/sehk/2025/1205/2025120500498.pdf,2026-07-17,c5001651703b4a568747ddc4ffc78518fbc216946bb42b7259d5c2932a8786a2,904,13472489,PDF parsed successfully
2802_prospectus_initial_2025-12-08_tc.pdf,initial prospectus,Traditional Chinese,2025-12-08,,HKEX,https://www1.hkexnews.hk/listedco/listconews/sehk/2025/1205/2025120500499_c.pdf,2026-07-17,bb0f42cf277c3f98a1f55304e0043b14ed7fa96fc55f9ccc4ed94ef7fdff5be1,714,13618141,PDF parsed successfully
2802_kfs_listed_initial_2025-12-08_en.pdf,initial listed KFS,English,2025-12-08,,HKEX,https://www1.hkexnews.hk/listedco/listconews/sehk/2025/1205/2025120500464.pdf,2026-07-17,dd626b78c264aa090b6ef8abc0905815d8d0818546d4ab7c4ca49765f13c600b,10,415976,PDF parsed successfully
2802_kfs_listed_initial_2025-12-08_tc.pdf,initial listed KFS,Traditional Chinese,2025-12-08,,HKEX,https://www1.hkexnews.hk/listedco/listconews/sehk/2025/1205/2025120500465_c.pdf,2026-07-17,4f9795b56e11f42bd5f20575ca310a46944902c6b6e773d24b268a00645e234b,9,646649,PDF parsed successfully
2802_indicative_nav_2025-12-10_en.pdf,indicative NAV announcement,English,2025-12-10,,HKEX,https://www1.hkexnews.hk/listedco/listconews/sehk/2025/1210/2025121000481.pdf,2026-07-17,c7376cd574924358a55d31ca1a5aae3a27ee55db96750cbc4394e7fff8102d0b,2,173781,PDF parsed successfully
2802_indicative_nav_2025-12-10_tc.pdf,indicative NAV announcement,Traditional Chinese,2025-12-10,,HKEX,https://www1.hkexnews.hk/listedco/listconews/sehk/2025/1210/2025121000482_c.pdf,2026-07-17,c13bef59078626c6cb835e301ab9363584d568d36ee444168fba70ee8741d164,2,331708,PDF parsed successfully
2802_brochure_en.pdf,brochure,English,not stated,2025-10-31,CSOP,https://csop.onlineminisite.com/hsceicoveredcall/pdf/brochure_en.pdf,2026-07-17,6456ba41c2b4c8ff03560ab813b2fba1f02bc0dae795582a59ba5bc17bc50da7,2,699250,PDF parsed successfully
2802_brochure_tc.pdf,brochure,Traditional Chinese,not stated,2025-10-31,CSOP,https://csop.onlineminisite.com/hsceicoveredcall/pdf/brochure_tc.pdf,2026-07-17,8f6468b9b16f7b4060bf3be518d87b6bb95a96e7d368958edd571698307cb4a8,2,1177556,PDF parsed successfully
hscei_factsheet_2026-06_en.pdf,index factsheet,English,2026-06,2026-06-30,Hang Seng Indexes,https://www.hsi.com.hk/static/uploads/contents/en/dl_centre/factsheets/hsceie.pdf,2026-07-17,17ab438428001cec523172767455a61c452716e7af723b4f407df7ecc70b18a8,2,866305,PDF parsed successfully
hscei_factsheet_2026-06_tc.pdf,index factsheet,Traditional Chinese,2026-06,2026-06-30,Hang Seng Indexes,https://www.hsi.com.hk/static/uploads/contents/zh_hk/dl_centre/factsheets/hsceic.pdf,2026-07-17,48414d94c6022d6bc6359d3c9e445de826d9346884e76dc292ceefac2fc471da,2,1216562,PDF parsed successfully
2802_distribution_2026-01_en.pdf,distribution announcement,English,2026-01-15,,HKEX,https://www1.hkexnews.hk/listedco/listconews/sehk/2026/0115/2026011500570.pdf,2026-07-17,9ddbfc41bd9bb71b3b14c4b068d07c0cc17bf1912c871fbb22c3acd2815e0895,2,205260,PDF parsed successfully
2802_distribution_2026-01_tc.pdf,distribution announcement,Traditional Chinese,2026-01-15,,HKEX,https://www1.hkexnews.hk/listedco/listconews/sehk/2026/0115/2026011500571_c.pdf,2026-07-17,463d3b23a71908e4038230147ccf7b96bc5e255e8e3e9b2d603ff0dd98298c35,2,219273,PDF parsed successfully
2802_distribution_2026-02_en.pdf,distribution announcement,English,2026-02-10,,HKEX,https://www1.hkexnews.hk/listedco/listconews/sehk/2026/0210/2026021000649.pdf,2026-07-17,a5bbac7fb8863f258b9af3de4f7c9b03237a29f56f82acfc48a3692284c3773f,2,205017,PDF parsed successfully
2802_distribution_2026-02_tc.pdf,distribution announcement,Traditional Chinese,2026-02-10,,HKEX,https://www1.hkexnews.hk/listedco/listconews/sehk/2026/0210/2026021000650_c.pdf,2026-07-17,80e0fbca62914878734c1475f0e413af6f9bb98dc7459cfc060588a47d8d41da,2,219273,PDF parsed successfully
2802_distribution_2026-03_en.pdf,distribution announcement,English,2026-03-16,,HKEX,https://www1.hkexnews.hk/listedco/listconews/sehk/2026/0316/2026031601200.pdf,2026-07-17,3fa9213c724cd6ae1eac87c09e53965f4214a06c737be866c82c77f5b7c57e94,2,206069,PDF parsed successfully
2802_distribution_2026-03_tc.pdf,distribution announcement,Traditional Chinese,2026-03-16,,HKEX,https://www1.hkexnews.hk/listedco/listconews/sehk/2026/0316/2026031601201_c.pdf,2026-07-17,8c154d7106f16c92a5feb5c00c4bb0c34239ba63838323003971af0b46e967dc,2,219458,PDF parsed successfully
2802_distribution_2026-04_en.pdf,distribution announcement,English,2026-04-15,,HKEX,https://www1.hkexnews.hk/listedco/listconews/sehk/2026/0415/2026041500869.pdf,2026-07-17,a52785a4329c8260f5870ec2d98f785872c9f86534831842ba8d615d3c3778a9,2,205578,PDF parsed successfully
2802_distribution_2026-04_tc.pdf,distribution announcement,Traditional Chinese,2026-04-15,,HKEX,https://www1.hkexnews.hk/listedco/listconews/sehk/2026/0415/2026041500870_c.pdf,2026-07-17,81578edbd5d1af9eb9739e1b7fc1e4e026546da787ada86b8b6a8b750b485b67,2,219592,PDF parsed successfully
2802_distribution_2026-05_en.pdf,distribution announcement,English,2026-05-13,,HKEX,https://www1.hkexnews.hk/listedco/listconews/sehk/2026/0513/2026051300795.pdf,2026-07-17,503d2aed5c129ee3496ff06a277cd8fcc5b7137ac67c9b8b2383f25f634c0a75,2,206336,PDF parsed successfully
2802_distribution_2026-05_tc.pdf,distribution announcement,Traditional Chinese,2026-05-13,,HKEX,https://www1.hkexnews.hk/listedco/listconews/sehk/2026/0513/2026051300796_c.pdf,2026-07-17,6bcc44e74388e2cb3215bb76d43aa08954ef4c46c59dd30903a53e84182a1f33,2,219442,PDF parsed successfully
2802_distribution_2026-06_en.pdf,distribution announcement,English,2026-06-12,,HKEX,https://www1.hkexnews.hk/listedco/listconews/sehk/2026/0612/2026061200932.pdf,2026-07-17,0a84aeb9ae6fece9e131b80abdd77447d01ab90d5f8539a1a2ed2e558cd9867a,2,205198,PDF parsed successfully
2802_distribution_2026-06_tc.pdf,distribution announcement,Traditional Chinese,2026-06-12,,HKEX,https://www1.hkexnews.hk/listedco/listconews/sehk/2026/0612/2026061200933_c.pdf,2026-07-17,0fd96baef6249ef4430f96fd87e4ad504c997d5fef985da5a07b90b978b49eea,2,219272,PDF parsed successfully
2802_distribution_2026-07_en.pdf,distribution announcement,English,2026-07-16,,HKEX,https://www1.hkexnews.hk/listedco/listconews/sehk/2026/0716/2026071600793.pdf,2026-07-17,c177beee4b645c5bae9c266f89bff01d9e2cec81015d81f57a602744f6a54873,2,205447,PDF parsed successfully
2802_distribution_2026-07_tc.pdf,distribution announcement,Traditional Chinese,2026-07-16,,HKEX,https://www1.hkexnews.hk/listedco/listconews/sehk/2026/0716/2026071600794_c.pdf,2026-07-17,5245c557da8e8cf5cc85720561e3151dc763ae3ed99e522f651fac947076a892,2,219473,PDF parsed successfully
