coverage,path,month,index,nav,cash,cash_wealth,gross_premium,call_settlement
0.7,震荡,1,103.0,101.00413816989699,2.05752849676968,103.06166666666667,0.02,0.020999999999999998
0.7,震荡,2,100.94,99.10989969650197,4.11505699353936,103.22495669004132,0.02,0.0
0.7,震荡,3,102.9588,99.78945626301736,6.17258549030904,105.9620417533264,0.02,0.013999999999999999
0.7,震荡,4,99.870036,96.89535949124271,8.23011398707872,105.12547347832144,0.02,0.0
0.7,震荡,5,100.86873636,97.2230717606158,10.287642483848401,107.5107142444642,0.02,0.006999999999999999
0.7,震荡,6,100.86873636,97.26718199840475,12.345170980618082,109.61235297902283,0.02,0.0
0.7,震荡,7,102.8861110872,97.89584884449101,14.402699477387763,112.29854832187877,0.02,0.013999999999999999
0.7,震荡,8,100.828388865456,95.99658530335326,16.460227974157444,112.4568132775107,0.02,0.0
0.7,震荡,9,103.85324053141969,96.87815225995459,18.517756470927125,115.39590873088171,0.02,0.020999999999999998
0.7,震荡,10,100.73764331547709,94.00846192007229,20.575284967696806,114.5837468877691,0.02,0.0
0.7,震荡,11,101.74501974863186,94.26510839423507,22.632813464466487,116.89792185870155,0.02,0.006999999999999999
0.7,震荡,12,101.74501974863186,94.24527732392077,24.690341961236168,118.93561928515695,0.02,0.0
0.7,持续上涨,1,103.0,101.00413816989699,2.05752849676968,103.06166666666667,0.02,0.020999999999999998
0.7,持续上涨,2,106.09,102.039019703429,4.11505699353936,106.15407669696836,0.02,0.020999999999999998
0.7,持续上涨,3,109.2727,103.10558585991265,6.17258549030904,109.2781713502217,0.02,0.020999999999999998
0.7,持续上涨,4,112.550881,104.2048067168873,8.23011398707872,112.43492070396603,0.02,0.020999999999999998
0.7,持续上涨,5,115.92740743,105.337682052433,10.287642483848401,115.6253245362814,0.02,0.020999999999999998
0.7,持续上涨,6,119.4052296529,106.50524225450198,12.345170980618082,118.85041323512006,0.02,0.020999999999999998
0.7,持续上涨,7,122.987386542487,107.70854925809098,14.402699477387763,122.11124873547874,0.02,0.020999999999999998
0.7,持续上涨,8,126.67700813876162,108.94869751110653,16.460227974157444,125.40892548526398,0.02,0.020999999999999998
0.7,持续上涨,9,130.47731838292447,110.22681496980191,18.517756470927125,128.74457144072903,0.02,0.020999999999999998
0.7,持续上涨,10,134.39163793441222,111.544064124691,20.575284967696806,132.1193490923878,0.02,0.020999999999999998
0.7,持续上涨,11,138.4233870724446,112.90164305787229,22.632813464466487,135.5344565223388,0.02,0.020999999999999998
0.7,持续上涨,12,142.57608868461793,114.30078653272447,24.690341961236168,138.99112849396064,0.02,0.020999999999999998
0.7,持续下跌,1,97.0,97.104138169897,2.05752849676968,99.16166666666668,0.02,0.0
0.7,持续下跌,2,94.09,94.23255331480303,4.11505699353936,98.34761030834238,0.02,0.0
0.7,持续下跌,3,91.2673,91.38504191274426,6.17258549030904,97.5576274030533,0.02,0.0
0.7,持续下跌,4,88.529281,88.5614021479394,8.23011398707872,96.79151613501813,0.02,0.0
0.7,持续下跌,5,85.87340257,85.76143389649617,10.287642483848401,96.04907638034457,0.02,0.0
0.7,持续下跌,6,83.29720049289999,82.98493871222753,12.345170980618082,95.33010969284561,0.02,0.0
0.7,持续下跌,7,80.79828447811299,80.23171981258702,14.402699477387763,94.63441928997477,0.02,0.0
0.7,持续下跌,8,78.3743359437696,77.50158206472182,16.460227974157444,93.96181003887926,0.02,0.0
0.7,持续下跌,9,76.0231058654565,74.79433197164289,18.517756470927125,93.31208844257002,0.02,0.0
0.7,持续下跌,10,73.74241268949281,72.10977765851094,20.575284967696806,92.68506262620774,0.02,0.0
0.7,持续下跌,11,71.53014030880803,69.44772885903741,22.632813464466487,92.08054232350389,0.02,0.0
0.7,持续下跌,12,69.38423609954378,66.80799690199947,24.690341961236168,91.49833886323565,0.02,0.0
0.7,先跌后V形反弹,1,92.0,92.10413816989698,2.05752849676968,94.16166666666666,0.02,0.0
0.7,先跌后V形反弹,2,84.64,84.66926307297481,4.11505699353936,88.78432006651417,0.02,0.0
0.7,先跌后V形反弹,3,77.86880000000001,77.66846076712795,6.17258549030904,83.841046257437,0.02,0.0
0.7,先跌后V形反弹,4,73.97536000000001,73.40644245891797,8.23011398707872,81.63655644599669,0.02,0.0
0.7,先跌后V形反弹,5,81.37289600000001,75.1379098337361,10.287642483848401,85.4255523175845,0.02,0.06999999999999999
0.7,先跌后V形反弹,6,89.51018560000001,76.95874978288444,12.345170980618082,89.30392076350252,0.02,0.06999999999999999
0.7,先跌后V形反弹,7,98.46120416000002,78.87357542074132,14.402699477387763,93.27627489812909,0.02,0.06999999999999999
0.7,先跌后V形反弹,8,106.33810049280004,80.4139965227478,16.460227974157444,96.87422449690524,0.02,0.055999999999999994
0.7,先跌后V形反弹,9,112.71838652236805,81.5422025215543,18.517756470927125,100.05995899248143,0.02,0.041999999999999996
0.7,先跌后V形反弹,10,118.35430584848646,82.47047767378221,20.575284967696806,103.04576264147902,0.02,0.034999999999999996
0.7,先跌后V形反弹,11,123.08847808242592,83.18533173481285,22.632813464466487,105.81814519927934,0.02,0.027999999999999997
0.7,先跌后V形反弹,12,126.7811324248987,83.67466081132403,24.690341961236168,108.3650027725602,0.02,0.020999999999999998
0.85,震荡,1,103.0,100.55413816989697,2.05752849676968,102.61166666666665,0.02,0.0255
0.85,震荡,2,100.94,98.65917219650196,4.11505699353936,102.77422919004131,0.02,0.0
0.85,震荡,3,102.9588,99.03030365530284,6.17258549030904,105.20288914561189,0.02,0.017
0.85,震荡,4,99.870036,96.14257111288956,8.23011398707872,104.37268509996828,0.02,0.0
0.85,震荡,5,100.86873636,96.30753838501285,10.287642483848401,106.59518086886125,0.02,0.0085
0.85,震荡,6,100.86873636,96.3318578429992,12.345170980618082,108.67702882361728,0.02,0.0
0.85,震荡,7,102.8861110872,96.64569858013135,14.402699477387763,111.04839805751911,0.02,0.017
0.85,震荡,8,100.828388865456,94.74441396273288,16.460227974157444,111.20464193689033,0.02,0.0
0.85,震荡,9,103.85324053141969,95.16129374395656,18.517756470927125,113.67905021488369,0.02,0.0255
0.85,震荡,10,100.73764331547709,92.30599640130005,20.575284967696806,112.88128136899685,0.02,0.0
0.85,震荡,11,101.74501974863186,92.38227485467375,22.632813464466487,115.01508831914023,0.02,0.0085
0.85,震荡,12,101.74501974863186,92.32174319934593,24.690341961236168,117.0120851605821,0.02,0.0
0.85,持续上涨,1,103.0,100.55413816989697,2.05752849676968,102.61166666666665,0.02,0.0255
0.85,持续上涨,2,106.09,101.12274858166442,4.11505699353936,105.23780557520378,0.02,0.0255
0.85,持续上涨,3,109.2727,101.70620920201921,6.17258549030904,107.87879469232826,0.02,0.0255
0.85,持续上涨,4,112.550881,102.30490786890893,8.23011398707872,110.53502185598765,0.02,0.0255
0.85,持续上涨,5,115.92740743,102.91924254931558,10.287642483848401,113.20688503316399,0.02,0.0255
0.85,持续上涨,6,119.4052296529,103.54962160379219,12.345170980618082,115.89479258441027,0.02,0.0255
0.85,持续上涨,7,122.987386542487,104.1964640579082,14.402699477387763,118.59916353529596,0.02,0.0255
0.85,持续上涨,8,126.67700813876162,104.86019988078422,16.460227974157444,121.32042785494167,0.02,0.0255
0.85,持续上涨,9,130.47731838292447,105.54127027090101,18.517756470927125,124.05902674182813,0.02,0.0255
0.85,持续上涨,10,134.39163793441222,106.24012794937302,20.575284967696806,126.81541291706982,0.02,0.0255
0.85,持续上涨,11,138.4233870724446,106.95723746088112,22.632813464466487,129.5900509253476,0.02,0.0255
0.85,持续上涨,12,142.57608868461793,107.69307548246478,24.690341961236168,132.38341744370095,0.02,0.0255
0.85,持续下跌,1,97.0,97.104138169897,2.05752849676968,99.16166666666668,0.02,0.0
0.85,持续下跌,2,94.09,94.23255331480303,4.11505699353936,98.34761030834238,0.02,0.0
0.85,持续下跌,3,91.2673,91.38504191274426,6.17258549030904,97.5576274030533,0.02,0.0
0.85,持续下跌,4,88.529281,88.5614021479394,8.23011398707872,96.79151613501813,0.02,0.0
0.85,持续下跌,5,85.87340257,85.76143389649617,10.287642483848401,96.04907638034457,0.02,0.0
0.85,持续下跌,6,83.29720049289999,82.98493871222753,12.345170980618082,95.33010969284561,0.02,0.0
0.85,持续下跌,7,80.79828447811299,80.23171981258702,14.402699477387763,94.63441928997477,0.02,0.0
0.85,持续下跌,8,78.3743359437696,77.50158206472182,16.460227974157444,93.96181003887926,0.02,0.0
0.85,持续下跌,9,76.0231058654565,74.79433197164289,18.517756470927125,93.31208844257002,0.02,0.0
0.85,持续下跌,10,73.74241268949281,72.10977765851094,20.575284967696806,92.68506262620774,0.02,0.0
0.85,持续下跌,11,71.53014030880803,69.44772885903741,22.632813464466487,92.08054232350389,0.02,0.0
0.85,持续下跌,12,69.38423609954378,66.80799690199947,24.690341961236168,91.49833886323565,0.02,0.0
0.85,先跌后V形反弹,1,92.0,92.10413816989698,2.05752849676968,94.16166666666666,0.02,0.0
0.85,先跌后V形反弹,2,84.64,84.66926307297481,4.11505699353936,88.78432006651417,0.02,0.0
0.85,先跌后V形反弹,3,77.86880000000001,77.66846076712795,6.17258549030904,83.841046257437,0.02,0.0
0.85,先跌后V形反弹,4,73.97536000000001,73.40644245891797,8.23011398707872,81.63655644599669,0.02,0.0
0.85,先跌后V形反弹,5,81.37289600000001,74.03681319685234,10.287642483848401,84.32445568070074,0.02,0.085
0.85,先跌后V形反弹,6,89.51018560000001,74.69026600997407,12.345170980618082,87.03543699059215,0.02,0.085
0.85,先跌后V形反弹,7,98.46120416000002,75.36764608693628,14.402699477387763,89.77034556432403,0.02,0.085
0.85,先跌后V形反弹,8,106.33810049280004,75.84372662612243,16.460227974157444,92.30395460027988,0.02,0.068
0.85,先跌后V形反弹,9,112.71838652236805,76.10828022622255,18.517756470927125,94.62603669714967,0.02,0.051
0.85,先跌后V形反弹,10,118.35430584848646,76.26677115537305,20.575284967696806,96.84205612306985,0.02,0.0425
0.85,先跌后V形反弹,11,123.08847808242592,76.31547665534426,22.632813464466487,98.94829011981074,0.02,0.034
0.85,先跌后V形反弹,12,126.7811324248987,76.25105402388998,24.690341961236168,100.94139598512615,0.02,0.0255
1.0,震荡,1,103.0,100.10413816989698,2.05752849676968,102.16166666666666,0.02,0.03
1.0,震荡,2,100.94,98.20844469650197,4.11505699353936,102.32350169004133,0.02,0.0
1.0,震荡,3,102.9588,98.27385541258833,6.17258549030904,104.44644090289738,0.02,0.02
1.0,震荡,4,99.870036,95.39246442794312,8.23011398707872,103.62257841502185,0.02,0.0
1.0,震荡,5,100.86873636,95.39700303722415,10.287642483848401,105.68464552107255,0.02,0.01
1.0,震荡,6,100.86873636,95.40163975610913,12.345170980618082,107.74681073672721,0.02,0.0
1.0,震荡,7,102.8861110872,95.40637670540067,14.402699477387763,109.80907618278843,0.02,0.02
1.0,震荡,8,100.828388865456,93.50308851763806,16.460227974157444,109.96331649179551,0.02,0.0
1.0,震荡,9,103.85324053141969,93.46678511765799,18.517756470927125,111.98454158858512,0.02,0.03
1.0,震荡,10,100.73764331547709,90.62569340565196,20.575284967696806,111.20097837334876,0.02,0.0
1.0,震荡,11,101.74501974863186,90.52719031466779,22.632813464466487,113.16000377913429,0.02,0.01
1.0,震荡,12,101.74501974863186,90.42655791520018,24.690341961236168,115.11689987643635,0.02,0.0
1.0,持续上涨,1,103.0,100.10413816989698,2.05752849676968,102.16166666666666,0.02,0.03
1.0,持续上涨,2,106.09,100.21052745989991,4.11505699353936,104.32558445343926,0.02,0.03
1.0,持续上涨,3,109.2727,100.31921653172172,6.17258549030904,106.49180202203077,0.02,0.03
1.0,持续上涨,4,112.550881,100.43025509897943,8.23011398707872,108.66036908605815,0.02,0.03
1.0,持续上涨,5,115.92740743,100.54369394993269,10.287642483848401,110.83133643378109,0.02,0.03
1.0,持续上涨,6,119.4052296529,100.65958497071405,12.345170980618082,113.00475595133213,0.02,0.03
1.0,持续上涨,7,122.987386542487,100.7779811690613,14.402699477387763,115.18068064644908,0.02,0.03
1.0,持续上涨,8,126.67700813876162,100.89893669856284,16.460227974157444,117.35916467272028,0.02,0.03
1.0,持续上涨,9,130.47731838292447,101.02250688342708,18.517756470927125,119.54026335435421,0.02,0.03
1.0,持续上涨,10,134.39163793441222,101.14874824378748,20.575284967696806,121.72403321148428,0.02,0.03
1.0,持续上涨,11,138.4233870724446,101.27771852155433,22.632813464466487,123.91053198602083,0.02,0.03
1.0,持续上涨,12,142.57608868461793,101.40947670682559,24.690341961236168,126.09981866806176,0.02,0.03
1.0,持续下跌,1,97.0,97.104138169897,2.05752849676968,99.16166666666668,0.02,0.0
1.0,持续下跌,2,94.09,94.23255331480303,4.11505699353936,98.34761030834238,0.02,0.0
1.0,持续下跌,3,91.2673,91.38504191274426,6.17258549030904,97.5576274030533,0.02,0.0
1.0,持续下跌,4,88.529281,88.5614021479394,8.23011398707872,96.79151613501813,0.02,0.0
1.0,持续下跌,5,85.87340257,85.76143389649617,10.287642483848401,96.04907638034457,0.02,0.0
1.0,持续下跌,6,83.29720049289999,82.98493871222753,12.345170980618082,95.33010969284561,0.02,0.0
1.0,持续下跌,7,80.79828447811299,80.23171981258702,14.402699477387763,94.63441928997477,0.02,0.0
1.0,持续下跌,8,78.3743359437696,77.50158206472182,16.460227974157444,93.96181003887926,0.02,0.0
1.0,持续下跌,9,76.0231058654565,74.79433197164289,18.517756470927125,93.31208844257002,0.02,0.0
1.0,持续下跌,10,73.74241268949281,72.10977765851094,20.575284967696806,92.68506262620774,0.02,0.0
1.0,持续下跌,11,71.53014030880803,69.44772885903741,22.632813464466487,92.08054232350389,0.02,0.0
1.0,持续下跌,12,69.38423609954378,66.80799690199947,24.690341961236168,91.49833886323565,0.02,0.0
1.0,先跌后V形反弹,1,92.0,92.10413816989698,2.05752849676968,94.16166666666666,0.02,0.0
1.0,先跌后V形反弹,2,84.64,84.66926307297481,4.11505699353936,88.78432006651417,0.02,0.0
1.0,先跌后V形反弹,3,77.86880000000001,77.66846076712795,6.17258549030904,83.841046257437,0.02,0.0
1.0,先跌后V形反弹,4,73.97536000000001,73.40644245891797,8.23011398707872,81.63655644599669,0.02,0.0
1.0,先跌后V形反弹,5,81.37289600000001,72.93571655996855,10.287642483848401,83.22335904381696,0.02,0.1
1.0,先跌后V形反弹,6,89.51018560000001,72.4548151361702,12.345170980618082,84.79998611678828,0.02,0.1
1.0,先跌后V形反弹,7,98.46120416000002,71.96351822659406,14.402699477387763,86.36621770398182,0.02,0.1
1.0,先跌后V形反弹,8,106.33810049280004,71.46160111548926,16.460227974157444,87.9218290896467,0.02,0.08
1.0,先跌后V形反弹,9,112.71838652236805,70.94883422949941,18.517756470927125,89.46659070042654,0.02,0.06
1.0,先跌后V形反弹,10,118.35430584848646,70.42498303265741,20.575284967696806,91.00026800035421,0.02,0.05
1.0,先跌后V形反弹,11,123.08847808242592,69.88980791911034,22.632813464466487,92.52262138357682,0.02,0.04
1.0,先跌后V形反弹,12,126.7811324248987,69.34306410352542,24.690341961236168,94.03340606476159,0.02,0.03
